NIA,Nombre,Apellido1,Apellido2,Grupo,Teléfono alumno,Teléfono Madre,Teléfono Padre,Correo alumno,Correo Madre,Correo Padre
10707229,Nombre1,Apellido1-1,Apellido2-1,1CFB,639203062,679673437,619808881,Nombre1@gmail.com,Apellido2-1@yahoo.es,Apellido1-1@hotmail.com
10495408,Nombre2,Apellido1-2,Apellido2-2,2CFMI,657394736,692433044,652488800,,Apellido2-2@yahoo.es,Apellido1-2@hotmail.com
10797691,Nombre3,Apellido1-3,Apellido2-3,1CFB,606838929,655937878,657835754,Nombre3@gmail.com,,Apellido1-3@hotmail.com
10296512,Nombre4,Apellido1-4,Apellido2-4,1CFMI,672404222,627370972,678676647,Nombre4@gmail.com,Apellido2-4@yahoo.es,
10244150,Nombre5,Apellido1-5,Apellido2-5,2CFMA,667789574,608902916,615834405,Nombre5@gmail.com,,
10312361,Nombre6,Apellido1-6,Apellido2-6,1CFMI,673264700,616517236,616517274,Nombre6@gmail.com,Apellido2-6@yahoo.es,Apellido1-6@hotmail.com
10379020,Nombre7,Apellido1-7,Apellido2-7,2CFMI,645185578,,645185578,Nombre7@gmail.com,Apellido2-7@yahoo.es,Apellido1-7@hotmail.com
10409488,Nombre8,Apellido1-8,Apellido2-8,2CFMISP,691486931,691486931,692685267,Nombre8@gmail.com,Apellido2-8@yahoo.es,Apellido1-8@hotmail.com
10646438,Nombre9,Apellido1-9,Apellido2-9,2CFB,635869740,678290748,,,Apellido2-9@yahoo.es,Apellido1-9@hotmail.com
10370835,Nombre10,Apellido1-10,Apellido2-10,2CFMA,601312713,653820595,,,Apellido2-10@yahoo.es,Apellido1-10@hotmail.com
11875160,Nombre11,Apellido1-11,Apellido2-11,1CFSA,651118369,667204807,,Nombre11@gmail.com,Apellido2-11@yahoo.es,Apellido1-11@hotmail.com
10495550,Nombre12,Apellido1-12,Apellido2-12,2CFMA,678132895,676924120,,,Apellido2-12@yahoo.es,Apellido1-12@hotmail.com
10403148,Nombre13,Apellido1-13,Apellido2-13,1CFMI,695813778,605098001,,Nombre13@gmail.com,,Apellido1-13@hotmail.com
10694686,Nombre14,Apellido1-14,Apellido2-14,1CFB,600608258,603557371,697221824,Nombre14@gmail.com,Apellido2-14@yahoo.es,Apellido1-14@hotmail.com
10316342,Nombre15,Apellido1-15,Apellido2-15,2CFMISP,658689819,665978761,,Nombre15@gmail.com,,Apellido1-15@hotmail.com
10268256,Nombre16,Apellido1-16,Apellido2-16,2CFMA,692440408,611614616,616102450,Nombre16@gmail.com,,Apellido1-16@hotmail.com
11702474,Nombre17,Apellido1-17,Apellido2-17,1CFMI,603673704,652191774,692268900,Nombre17@gmail.com,,
10337552,Nombre18,Apellido1-18,Apellido2-18,2CFSA,603638814,652191774,692268900,Nombre18@gmail.com,Apellido2-18@yahoo.es,Apellido1-18@hotmail.com
10337557,Nombre19,Apellido1-19,Apellido2-19,2CFSA,670425990,615923837,605268677,Nombre19@gmail.com,Apellido2-19@yahoo.es,
10686884,Nombre20,Apellido1-20,Apellido2-20,1CFB,697369961,653429383,722251779,Nombre20@gmail.com,Apellido2-20@yahoo.es,
10243184,Nombre21,Apellido1-21,Apellido2-21,2CFSA,628546481,676079565,,Nombre21@gmail.com,Apellido2-21@yahoo.es,
10268264,Nombre22,Apellido1-22,Apellido2-22,1CFSA,657316455,605331562,651644784,Nombre22@gmail.com,Apellido2-22@yahoo.es,
10425742,Nombre23,Apellido1-23,Apellido2-23,2CFSA,662334137,601256051,,Nombre23@gmail.com,Apellido2-23@yahoo.es,
10377079,Nombre24,Apellido1-24,Apellido2-24,2CFMA,601160921,,679458359,Nombre24@gmail.com,Apellido2-24@yahoo.es,Apellido1-24@hotmail.com
10454335,Nombre25,Apellido1-25,Apellido2-25,1CFSA,685574052,605337717,627655922,Nombre25@gmail.com,Apellido2-25@yahoo.es,Apellido1-25@hotmail.com
10244941,Nombre26,Apellido1-26,Apellido2-26,2CFSA,640293485,963218234,632335334,Nombre26@gmail.com,Apellido2-26@yahoo.es,Apellido1-26@hotmail.com
10589884,Nombre27,Apellido1-27,Apellido2-27,1CFMI,634507232,635908021,669439260,Nombre27@gmail.com,Apellido2-27@yahoo.es,Apellido1-27@hotmail.com
10589884,Nombre28,Apellido1-28,Apellido2-28,1CFMI,634507232,635908021,669439260,Nombre28@gmail.com,Apellido2-28@yahoo.es,Apellido1-28@hotmail.com
10503213,Nombre29,Apellido1-29,Apellido2-29,2CFMI,697540299,600323499,,Nombre29@gmail.com,Apellido2-29@yahoo.es,Apellido1-29@hotmail.com
10514677,Nombre30,Apellido1-30,Apellido2-30,2CFMI,615163612,678308656,,Nombre30@gmail.com,Apellido2-30@yahoo.es,Apellido1-30@hotmail.com
10292433,Nombre31,Apellido1-31,Apellido2-31,2CFMI,654001359,625798417,,Nombre31@gmail.com,Apellido2-31@yahoo.es,Apellido1-31@hotmail.com
10830238,Nombre32,Apellido1-32,Apellido2-32,1CFMA,655012437,635033758,,Nombre32@gmail.com,Apellido2-32@yahoo.es,Apellido1-32@hotmail.com
10698667,Nombre33,Apellido1-33,Apellido2-33,2CFB,691410195,616051312,,Nombre33@gmail.com,Apellido2-33@yahoo.es,Apellido1-33@hotmail.com
10405457,Nombre34,Apellido1-34,Apellido2-34,2CFMI,657545565,,,Nombre34@gmail.com,Apellido2-34@yahoo.es,Apellido1-34@hotmail.com
10268286,Nombre35,Apellido1-35,Apellido2-35,2CFMISP,615162950,627434418,627550867,Nombre35@gmail.com,Apellido2-35@yahoo.es,Apellido1-35@hotmail.com
10796787,Nombre36,Apellido1-36,Apellido2-36,2CFB,605243612,625641228,,Nombre36@gmail.com,Apellido2-36@yahoo.es,Apellido1-36@hotmail.com
10327633,Nombre37,Apellido1-37,Apellido2-37,2CFSA,618331040,654946118,,Nombre37@gmail.com,Apellido2-37@yahoo.es,Apellido1-37@hotmail.com
10953137,Nombre38,Apellido1-38,Apellido2-38,1CFMA,600695356,610041728,,Nombre38@gmail.com,Apellido2-38@yahoo.es,Apellido1-38@hotmail.com
10412097,Nombre39,Apellido1-39,Apellido2-39,1CFMI,611486620,653875424,609775568,Nombre39@gmail.com,Apellido2-39@yahoo.es,Apellido1-39@hotmail.com
10267785,Nombre40,Apellido1-40,Apellido2-40,1CFSA,695049193,661247915,691240429,Nombre40@gmail.com,Apellido2-40@yahoo.es,Apellido1-40@hotmail.com
10722974,Nombre41,Apellido1-41,Apellido2-41,1CFB,674864657,617929922,,Nombre41@gmail.com,Apellido2-41@yahoo.es,Apellido1-41@hotmail.com
10014191,Nombre42,Apellido1-42,Apellido2-42,2CFB,670901657,602025621,,Nombre42@gmail.com,Apellido2-42@yahoo.es,Apellido1-42@hotmail.com
10249680,Nombre43,Apellido1-43,Apellido2-43,1CFSA,666158462,600761498,625907719,Nombre43@gmail.com,Apellido2-43@yahoo.es,Apellido1-43@hotmail.com
10310791,Nombre44,Apellido1-44,Apellido2-44,1CFSA,680316362,671100190,610100137,Nombre44@gmail.com,Apellido2-44@yahoo.es,Apellido1-44@hotmail.com
11304914,Nombre45,Apellido1-45,Apellido2-45,2CFB,677186700,632796379,602067389,Nombre45@gmail.com,Apellido2-45@yahoo.es,Apellido1-45@hotmail.com
10272567,Nombre46,Apellido1-46,Apellido2-46,2CFSA,961330647,695411006,,Nombre46@gmail.com,Apellido2-46@yahoo.es,Apellido1-46@hotmail.com
10503215,Nombre47,Apellido1-47,Apellido2-47,1CFMA,601260337,696034484,652454503,Nombre47@gmail.com,Apellido2-47@yahoo.es,Apellido1-47@hotmail.com
10429792,Nombre48,Apellido1-48,Apellido2-48,1CFMA,663504607,606243728,666284748,Nombre48@gmail.com,Apellido2-48@yahoo.es,Apellido1-48@hotmail.com
10268313,Nombre49,Apellido1-49,Apellido2-49,2CFMASP,653063382,617220250,,Nombre49@gmail.com,Apellido2-49@yahoo.es,Apellido1-49@hotmail.com
10736970,Nombre50,Apellido1-50,Apellido2-50,1CFB,601467618,631928743,,Nombre50@gmail.com,Apellido2-50@yahoo.es,Apellido1-50@hotmail.com
10292165,Nombre51,Apellido1-51,Apellido2-51,2CFMA,691618412,653775514,,Nombre51@gmail.com,Apellido2-51@yahoo.es,Apellido1-51@hotmail.com
10796792,Nombre52,Apellido1-52,Apellido2-52,1CFMA,675127709,608566546,,Nombre52@gmail.com,Apellido2-52@yahoo.es,Apellido1-52@hotmail.com
10409524,Nombre53,Apellido1-53,Apellido2-53,1CFMI,644279619,649388256,627236066,Nombre53@gmail.com,Apellido2-53@yahoo.es,Apellido1-53@hotmail.com
10522338,Nombre54,Apellido1-54,Apellido2-54,1CFMA,643119301,659975811,667498642,Nombre54@gmail.com,Apellido2-54@yahoo.es,Apellido1-54@hotmail.com
10292172,Nombre55,Apellido1-55,Apellido2-55,2CFSA,622092403,651457843,635687761,Nombre55@gmail.com,Apellido2-55@yahoo.es,Apellido1-55@hotmail.com
10292172,Nombre56,Apellido1-56,Apellido2-56,2CFSA,622092403,651457843,635687761,Nombre56@gmail.com,Apellido2-56@yahoo.es,Apellido1-56@hotmail.com
10316422,Nombre57,Apellido1-57,Apellido2-57,1CFMI,601344277,649383661,683322735,Nombre57@gmail.com,Apellido2-57@yahoo.es,Apellido1-57@hotmail.com
10267320,Nombre58,Apellido1-58,Apellido2-58,1CFMA,625018285,654165332,,Nombre58@gmail.com,Apellido2-58@yahoo.es,Apellido1-58@hotmail.com
10322698,Nombre59,Apellido1-59,Apellido2-59,2CFSA,675866019,655872175,,Nombre59@gmail.com,Apellido2-59@yahoo.es,Apellido1-59@hotmail.com
10292183,Nombre60,Apellido1-60,Apellido2-60,2CFMA,633699367,722429751,722639102,Nombre60@gmail.com,Apellido2-60@yahoo.es,Apellido1-60@hotmail.com
10396592,Nombre61,Apellido1-61,Apellido2-61,2CFMI,657046304,655605576,,Nombre61@gmail.com,Apellido2-61@yahoo.es,Apellido1-61@hotmail.com
10648259,Nombre62,Apellido1-62,Apellido2-62,1CFB,653452734,603505657,,Nombre62@gmail.com,Apellido2-62@yahoo.es,Apellido1-62@hotmail.com
10002687,Nombre63,Apellido1-63,Apellido2-63,1CFB,642657325,610959585,627628951,Nombre63@gmail.com,Apellido2-63@yahoo.es,Apellido1-63@hotmail.com
11788280,Nombre64,Apellido1-64,Apellido2-64,2CFMA,610445882,619475645,,Nombre64@gmail.com,Apellido2-64@yahoo.es,Apellido1-64@hotmail.com
10468281,Nombre65,Apellido1-65,Apellido2-65,2CFSA,722878718,656252121,625734567,Nombre65@gmail.com,Apellido2-65@yahoo.es,Apellido1-65@hotmail.com
10495554,Nombre66,Apellido1-66,Apellido2-66,2CFMI,601274519,657105666,685871007,Nombre66@gmail.com,Apellido2-66@yahoo.es,Apellido1-66@hotmail.com
10292188,Nombre67,Apellido1-67,Apellido2-67,1CFSA,722431345,610610773,961532465,Nombre67@gmail.com,Apellido2-67@yahoo.es,Apellido1-67@hotmail.com
10292191,Nombre68,Apellido1-68,Apellido2-68,2CFMI,601130702,961537438,616177150,Nombre68@gmail.com,Apellido2-68@yahoo.es,Apellido1-68@hotmail.com
10312150,Nombre69,Apellido1-69,Apellido2-69,1CFSA,604139154,658786148,685202127,Nombre69@gmail.com,Apellido2-69@yahoo.es,Apellido1-69@hotmail.com
10293422,Nombre70,Apellido1-70,Apellido2-70,1CFMA,622959476,646673090,659514488,Nombre70@gmail.com,Apellido2-70@yahoo.es,Apellido1-70@hotmail.com
10593592,Nombre71,Apellido1-71,Apellido2-71,1CFMA,663635281,653572897,961294352,Nombre71@gmail.com,Apellido2-71@yahoo.es,Apellido1-71@hotmail.com
10651829,Nombre72,Apellido1-72,Apellido2-72,1CFMA,661606613,696974441,,Nombre72@gmail.com,Apellido2-72@yahoo.es,Apellido1-72@hotmail.com
10292537,Nombre73,Apellido1-73,Apellido2-73,2CFMI,672635333,655453531,,Nombre73@gmail.com,Apellido2-73@yahoo.es,Apellido1-73@hotmail.com
10796799,Nombre74,Apellido1-74,Apellido2-74,1CFB,652341074,615326089,,Nombre74@gmail.com,Apellido2-74@yahoo.es,Apellido1-74@hotmail.com
10469200,Nombre75,Apellido1-75,Apellido2-75,2CFMISP,651356769,960049495,646234444,Nombre75@gmail.com,Apellido2-75@yahoo.es,Apellido1-75@hotmail.com
10016517,Nombre76,Apellido1-76,Apellido2-76,1CFMA,654144465,652599587,,Nombre76@gmail.com,Apellido2-76@yahoo.es,Apellido1-76@hotmail.com
10233538,Nombre77,Apellido1-77,Apellido2-77,2CFMA,652969012,695363667,,Nombre77@gmail.com,Apellido2-77@yahoo.es,Apellido1-77@hotmail.com
10231861,Nombre78,Apellido1-78,Apellido2-78,2CFMI,673811909,637667235,,Nombre78@gmail.com,Apellido2-78@yahoo.es,Apellido1-78@hotmail.com
10367421,Nombre79,Apellido1-79,Apellido2-79,2CFSA,645685825,655383232,,Nombre79@gmail.com,Apellido2-79@yahoo.es,Apellido1-79@hotmail.com
10258037,Nombre80,Apellido1-80,Apellido2-80,2CFMI,665706874,678937967,617302495,Nombre80@gmail.com,Apellido2-80@yahoo.es,Apellido1-80@hotmail.com
10431268,Nombre81,Apellido1-81,Apellido2-81,1CFMA,677729950,674534261,,Nombre81@gmail.com,Apellido2-81@yahoo.es,Apellido1-81@hotmail.com
10293667,Nombre82,Apellido1-82,Apellido2-82,1CFSA,615341070,625623479,,Nombre82@gmail.com,Apellido2-82@yahoo.es,Apellido1-82@hotmail.com
10243332,Nombre83,Apellido1-83,Apellido2-83,2CFMA,640688347,660101824,,Nombre83@gmail.com,Apellido2-83@yahoo.es,Apellido1-83@hotmail.com
10572724,Nombre84,Apellido1-84,Apellido2-84,2CFB,652930319,696239703,603656506,Nombre84@gmail.com,Apellido2-84@yahoo.es,Apellido1-84@hotmail.com
10350341,Nombre85,Apellido1-85,Apellido2-85,2CFSA,659041224,609604289,,Nombre85@gmail.com,Apellido2-85@yahoo.es,Apellido1-85@hotmail.com
10653824,Nombre86,Apellido1-86,Apellido2-86,1CFB,693735792,666894982,,Nombre86@gmail.com,Apellido2-86@yahoo.es,Apellido1-86@hotmail.com
10231877,Nombre87,Apellido1-87,Apellido2-87,2CFSA,637683123,666006670,687003455,Nombre87@gmail.com,Apellido2-87@yahoo.es,Apellido1-87@hotmail.com
10611211,Nombre88,Apellido1-88,Apellido2-88,2CFMI,601234929,650783020,,Nombre88@gmail.com,Apellido2-88@yahoo.es,Apellido1-88@hotmail.com
10514659,Nombre89,Apellido1-89,Apellido2-89,1CFMA,644387764,685204677,691862382,Nombre89@gmail.com,Apellido2-89@yahoo.es,Apellido1-89@hotmail.com
10495543,Nombre90,Apellido1-90,Apellido2-90,1CFMA,601036069,667913317,961516365,Nombre90@gmail.com,Apellido2-90@yahoo.es,Apellido1-90@hotmail.com
10268385,Nombre91,Apellido1-91,Apellido2-91,2CFMA,679700868,636429499,,Nombre91@gmail.com,Apellido2-91@yahoo.es,Apellido1-91@hotmail.com
10271689,Nombre92,Apellido1-92,Apellido2-92,2CFMI,961139836,655796526,,Nombre92@gmail.com,Apellido2-92@yahoo.es,Apellido1-92@hotmail.com
10737008,Nombre93,Apellido1-93,Apellido2-93,1CFMA,601200301,606074119,601489651,Nombre93@gmail.com,Apellido2-93@yahoo.es,Apellido1-93@hotmail.com
10268398,Nombre94,Apellido1-94,Apellido2-94,1CFMA,658996758,610193313,,Nombre94@gmail.com,Apellido2-94@yahoo.es,Apellido1-94@hotmail.com
10392824,Nombre95,Apellido1-95,Apellido2-95,2CFMASP,627361683,658280065,,Nombre95@gmail.com,Apellido2-95@yahoo.es,Apellido1-95@hotmail.com
10381092,Nombre96,Apellido1-96,Apellido2-96,2CFMI,671246486,666126651,,Nombre96@gmail.com,Apellido2-96@yahoo.es,Apellido1-96@hotmail.com
10297127,Nombre97,Apellido1-97,Apellido2-97,2CFB,633075010,622815010,,Nombre97@gmail.com,Apellido2-97@yahoo.es,Apellido1-97@hotmail.com
10243376,Nombre98,Apellido1-98,Apellido2-98,2CFMISP,697577160,605785849,,Nombre98@gmail.com,Apellido2-98@yahoo.es,Apellido1-98@hotmail.com
10268612,Nombre99,Apellido1-99,Apellido2-99,1CFSA,680716844,645808432,639740835,Nombre99@gmail.com,Apellido2-99@yahoo.es,Apellido1-99@hotmail.com
10267865,Nombre100,Apellido1-100,Apellido2-100,2CFB,679478201,669471425,,Nombre100@gmail.com,Apellido2-100@yahoo.es,Apellido1-100@hotmail.com
11306918,Nombre101,Apellido1-101,Apellido2-101,2CFMA,663413652,678872965,,Nombre101@gmail.com,Apellido2-101@yahoo.es,Apellido1-101@hotmail.com
10232359,Nombre102,Apellido1-102,Apellido2-102,2CFMISP,611450085,615425434,961502385,Nombre102@gmail.com,Apellido2-102@yahoo.es,Apellido1-102@hotmail.com
10293473,Nombre103,Apellido1-103,Apellido2-103,2CFMI,691619986,676968645,,Nombre103@gmail.com,Apellido2-103@yahoo.es,Apellido1-103@hotmail.com
10405604,Nombre104,Apellido1-104,Apellido2-104,2CFMA,645575506,654303775,645774436,Nombre104@gmail.com,Apellido2-104@yahoo.es,Apellido1-104@hotmail.com
10736976,Nombre105,Apellido1-105,Apellido2-105,1CFMI,637664842,649153238,620540896,Nombre105@gmail.com,Apellido2-105@yahoo.es,Apellido1-105@hotmail.com
10686906,Nombre106,Apellido1-106,Apellido2-106,1CFB,698826860,633022482,654966895,Nombre106@gmail.com,Apellido2-106@yahoo.es,Apellido1-106@hotmail.com
10435725,Nombre107,Apellido1-107,Apellido2-107,2CFMA,633229314,602514989,,Nombre107@gmail.com,Apellido2-107@yahoo.es,Apellido1-107@hotmail.com
10572727,Nombre108,Apellido1-108,Apellido2-108,2CFB,615368193,671889178,,Nombre108@gmail.com,Apellido2-108@yahoo.es,Apellido1-108@hotmail.com
10237411,Nombre109,Apellido1-109,Apellido2-109,2CFSA,633186426,963834628,691732628,Nombre109@gmail.com,Apellido2-109@yahoo.es,Apellido1-109@hotmail.com
10736902,Nombre110,Apellido1-110,Apellido2-110,2CFB,622852477,616836480,,Nombre110@gmail.com,Apellido2-110@yahoo.es,Apellido1-110@hotmail.com
10796782,Nombre111,Apellido1-111,Apellido2-111,1CFMA,667015335,677779188,637553942,Nombre111@gmail.com,Apellido2-111@yahoo.es,Apellido1-111@hotmail.com
10417017,Nombre112,Apellido1-112,Apellido2-112,2CFMI,601084612,654466799,615661607,Nombre112@gmail.com,Apellido2-112@yahoo.es,Apellido1-112@hotmail.com
10293479,Nombre113,Apellido1-113,Apellido2-113,1CFSA,601380794,616967753,961092547,Nombre113@gmail.com,Apellido2-113@yahoo.es,Apellido1-113@hotmail.com
10381463,Nombre114,Apellido1-114,Apellido2-114,1CFMI,697591012,646010073,,Nombre114@gmail.com,Apellido2-114@yahoo.es,Apellido1-114@hotmail.com
10813168,Nombre115,Apellido1-115,Apellido2-115,1CFB,601103596,680812407,636162569,Nombre115@gmail.com,Apellido2-115@yahoo.es,Apellido1-115@hotmail.com
10339960,Nombre116,Apellido1-116,Apellido2-116,2CFSA,695168873,615049759,619355392,Nombre116@gmail.com,Apellido2-116@yahoo.es,Apellido1-116@hotmail.com
10268443,Nombre117,Apellido1-117,Apellido2-117,2CFMA,627103269,679815839,674592652,Nombre117@gmail.com,Apellido2-117@yahoo.es,Apellido1-117@hotmail.com
10686907,Nombre118,Apellido1-118,Apellido2-118,1CFB,610133740,625179695,675022492,Nombre118@gmail.com,Apellido2-118@yahoo.es,Apellido1-118@hotmail.com
10409579,Nombre119,Apellido1-119,Apellido2-119,2CFMA,610352708,678417948,627867001,Nombre119@gmail.com,Apellido2-119@yahoo.es,Apellido1-119@hotmail.com
10268127,Nombre120,Apellido1-120,Apellido2-120,1CFSA,652917868,686474412,,Nombre120@gmail.com,Apellido2-120@yahoo.es,Apellido1-120@hotmail.com
10396074,Nombre121,Apellido1-121,Apellido2-121,2CFMASP,651473843,660546803,,Nombre121@gmail.com,Apellido2-121@yahoo.es,Apellido1-121@hotmail.com
10268129,Nombre122,Apellido1-122,Apellido2-122,2CFB,600377694,657466856,698109888,Nombre122@gmail.com,Apellido2-122@yahoo.es,Apellido1-122@hotmail.com
10507171,Nombre123,Apellido1-123,Apellido2-123,2CFB,605055083,699427992,,Nombre123@gmail.com,Apellido2-123@yahoo.es,Apellido1-123@hotmail.com
10268450,Nombre124,Apellido1-124,Apellido2-124,2CFMA,633892673,650047225,,Nombre124@gmail.com,Apellido2-124@yahoo.es,Apellido1-124@hotmail.com
10409587,Nombre125,Apellido1-125,Apellido2-125,2CFB,633206512,646015699,,Nombre125@gmail.com,Apellido2-125@yahoo.es,Apellido1-125@hotmail.com
10641158,Nombre126,Apellido1-126,Apellido2-126,1CFB,655701432,655263895,,Nombre126@gmail.com,Apellido2-126@yahoo.es,Apellido1-126@hotmail.com
10507202,Nombre127,Apellido1-127,Apellido2-127,2CFB,657706282,691083345,,Nombre127@gmail.com,Apellido2-127@yahoo.es,Apellido1-127@hotmail.com
10604186,Nombre128,Apellido1-128,Apellido2-128,2CFSA,678613459,,,Nombre128@gmail.com,Apellido2-128@yahoo.es,Apellido1-128@hotmail.com
10268452,Nombre129,Apellido1-129,Apellido2-129,2CFMI,664427604,,697902385,Nombre129@gmail.com,Apellido2-129@yahoo.es,Apellido1-129@hotmail.com
11635632,Nombre130,Apellido1-130,Apellido2-130,2CFMI,656651060,631133183,,Nombre130@gmail.com,Apellido2-130@yahoo.es,Apellido1-130@hotmail.com
10308061,Nombre131,Apellido1-131,Apellido2-131,1CFMI,667859636,677142737,662352568,Nombre131@gmail.com,Apellido2-131@yahoo.es,Apellido1-131@hotmail.com
10444908,Nombre132,Apellido1-132,Apellido2-132,2CFSA,695428420,699020828,,Nombre132@gmail.com,Apellido2-132@yahoo.es,Apellido1-132@hotmail.com
10268463,Nombre133,Apellido1-133,Apellido2-133,2CFMA,601037270,661935024,,Nombre133@gmail.com,Apellido2-133@yahoo.es,Apellido1-133@hotmail.com
10392857,Nombre134,Apellido1-134,Apellido2-134,1CFMI,615363945,651492512,656666818,Nombre134@gmail.com,Apellido2-134@yahoo.es,Apellido1-134@hotmail.com
10337822,Nombre135,Apellido1-135,Apellido2-135,2CFMI,606619480,625677962,,Nombre135@gmail.com,Apellido2-135@yahoo.es,Apellido1-135@hotmail.com
11414630,Nombre136,Apellido1-136,Apellido2-136,2CFSA,661130581,629661437,,Nombre136@gmail.com,Apellido2-136@yahoo.es,Apellido1-136@hotmail.com
10267662,Nombre137,Apellido1-137,Apellido2-137,1CFMA,605359356,676096157,625538067,Nombre137@gmail.com,Apellido2-137@yahoo.es,Apellido1-137@hotmail.com
10493679,Nombre138,Apellido1-138,Apellido2-138,1CFMI,611462036,603720343,653689609,Nombre138@gmail.com,Apellido2-138@yahoo.es,Apellido1-138@hotmail.com
10796793,Nombre139,Apellido1-139,Apellido2-139,1CFMA,691300532,655018835,674426560,Nombre139@gmail.com,Apellido2-139@yahoo.es,Apellido1-139@hotmail.com
10514621,Nombre140,Apellido1-140,Apellido2-140,2CFB,600636876,633264169,,Nombre140@gmail.com,Apellido2-140@yahoo.es,Apellido1-140@hotmail.com
10268177,Nombre141,Apellido1-141,Apellido2-141,2CFMA,655701450,618577745,,Nombre141@gmail.com,Apellido2-141@yahoo.es,Apellido1-141@hotmail.com
10268484,Nombre142,Apellido1-142,Apellido2-142,1CFMA,603490956,663962808,,Nombre142@gmail.com,Apellido2-142@yahoo.es,Apellido1-142@hotmail.com
11661588,Nombre143,Apellido1-143,Apellido2-143,2CFB,662555324,677867330,,Nombre143@gmail.com,Apellido2-143@yahoo.es,Apellido1-143@hotmail.com
10335770,Nombre144,Apellido1-144,Apellido2-144,2CFSA,601409657,667560170,,Nombre144@gmail.com,Apellido2-144@yahoo.es,Apellido1-144@hotmail.com
10268488,Nombre145,Apellido1-145,Apellido2-145,2CFMISP,647916752,961299498,637913167,Nombre145@gmail.com,Apellido2-145@yahoo.es,Apellido1-145@hotmail.com
10607296,Nombre146,Apellido1-146,Apellido2-146,2CFMI,609547339,658821578,616370597,Nombre146@gmail.com,Apellido2-146@yahoo.es,Apellido1-146@hotmail.com
10293526,Nombre147,Apellido1-147,Apellido2-147,2CFB,684387644,685832386,699786632,Nombre147@gmail.com,Apellido2-147@yahoo.es,Apellido1-147@hotmail.com
10245714,Nombre148,Apellido1-148,Apellido2-148,1CFSA,617173689,651153313,,Nombre148@gmail.com,Apellido2-148@yahoo.es,Apellido1-148@hotmail.com
10233700,Nombre149,Apellido1-149,Apellido2-149,2CFMA,601362829,601376634,627245292,Nombre149@gmail.com,Apellido2-149@yahoo.es,Apellido1-149@hotmail.com
10297483,Nombre150,Apellido1-150,Apellido2-150,2CFSA,673707693,672391587,,Nombre150@gmail.com,Apellido2-150@yahoo.es,Apellido1-150@hotmail.com
10322828,Nombre151,Apellido1-151,Apellido2-151,1CFMI,657470937,679420920,,Nombre151@gmail.com,Apellido2-151@yahoo.es,Apellido1-151@hotmail.com
10268188,Nombre152,Apellido1-152,Apellido2-152,2CFSA,627050314,646535328,,Nombre152@gmail.com,Apellido2-152@yahoo.es,Apellido1-152@hotmail.com
10244101,Nombre153,Apellido1-153,Apellido2-153,1CFMI,622897345,633715601,625107344,Nombre153@gmail.com,Apellido2-153@yahoo.es,Apellido1-153@hotmail.com
10797677,Nombre154,Apellido1-154,Apellido2-154,1CFB,692310756,651488408,655033174,Nombre154@gmail.com,Apellido2-154@yahoo.es,Apellido1-154@hotmail.com
10515689,Nombre155,Apellido1-155,Apellido2-155,1CFMI,675200761,661078254,657935052,Nombre155@gmail.com,Apellido2-155@yahoo.es,Apellido1-155@hotmail.com
10296953,Nombre156,Apellido1-156,Apellido2-156,2CFSA,695310860,656615642,,Nombre156@gmail.com,Apellido2-156@yahoo.es,Apellido1-156@hotmail.com
10267918,Nombre157,Apellido1-157,Apellido2-157,2CFMA,605070572,600844964,608760671,Nombre157@gmail.com,Apellido2-157@yahoo.es,Apellido1-157@hotmail.com
10244385,Nombre158,Apellido1-158,Apellido2-158,2CFMA,670603104,661748591,,Nombre158@gmail.com,Apellido2-158@yahoo.es,Apellido1-158@hotmail.com
10686913,Nombre159,Apellido1-159,Apellido2-159,1CFB,666137350,661087477,610920508,Nombre159@gmail.com,Apellido2-159@yahoo.es,Apellido1-159@hotmail.com
10232923,Nombre160,Apellido1-160,Apellido2-160,1CFSA,635035067,658958688,658958689,Nombre160@gmail.com,Apellido2-160@yahoo.es,Apellido1-160@hotmail.com
10572708,Nombre161,Apellido1-161,Apellido2-161,1CFB,601245455,617426398,605835903,Nombre161@gmail.com,Apellido2-161@yahoo.es,Apellido1-161@hotmail.com
10244111,Nombre162,Apellido1-162,Apellido2-162,2CFMI,617728538,669237143,618796191,Nombre162@gmail.com,Apellido2-162@yahoo.es,Apellido1-162@hotmail.com
10796789,Nombre163,Apellido1-163,Apellido2-163,1CFMI,631746392,660206511,646447620,Nombre163@gmail.com,Apellido2-163@yahoo.es,Apellido1-163@hotmail.com
10736907,Nombre164,Apellido1-164,Apellido2-164,1CFMI,664264575,685024663,627630602,Nombre164@gmail.com,Apellido2-164@yahoo.es,Apellido1-164@hotmail.com
10396106,Nombre165,Apellido1-165,Apellido2-165,2CFMA,654623892,665088760,630990552,Nombre165@gmail.com,Apellido2-165@yahoo.es,Apellido1-165@hotmail.com
10796802,Nombre166,Apellido1-166,Apellido2-166,1CFB,685546436,685546436,697680221,Nombre166@gmail.com,Apellido2-166@yahoo.es,Apellido1-166@hotmail.com
10485471,Nombre167,Apellido1-167,Apellido2-167,1CFMI,684199005,679509184,634671742,Nombre167@gmail.com,Apellido2-167@yahoo.es,Apellido1-167@hotmail.com
10396109,Nombre168,Apellido1-168,Apellido2-168,2CFMA,620541760,667922820,,Nombre168@gmail.com,Apellido2-168@yahoo.es,Apellido1-168@hotmail.com
10796779,Nombre169,Apellido1-169,Apellido2-169,1CFMI,688901316,659651001,628308216,Nombre169@gmail.com,Apellido2-169@yahoo.es,Apellido1-169@hotmail.com
10514628,Nombre170,Apellido1-170,Apellido2-170,2CFB,666137294,,695485303,Nombre170@gmail.com,Apellido2-170@yahoo.es,Apellido1-170@hotmail.com
10796805,Nombre171,Apellido1-171,Apellido2-171,2CFB,635606056,625646697,605858486,Nombre171@gmail.com,Apellido2-171@yahoo.es,Apellido1-171@hotmail.com
10232014,Nombre172,Apellido1-172,Apellido2-172,2CFSA,656782900,678749877,,Nombre172@gmail.com,Apellido2-172@yahoo.es,Apellido1-172@hotmail.com
10514629,Nombre173,Apellido1-173,Apellido2-173,2CFMA,640641342,680984159,667760085,Nombre173@gmail.com,Apellido2-173@yahoo.es,Apellido1-173@hotmail.com
10312315,Nombre174,Apellido1-174,Apellido2-174,2CFMISP,722353961,670307721,961383142,Nombre174@gmail.com,Apellido2-174@yahoo.es,Apellido1-174@hotmail.com
10267952,Nombre175,Apellido1-175,Apellido2-175,1CFSA,662564937,617972204,687103985,Nombre175@gmail.com,Apellido2-175@yahoo.es,Apellido1-175@hotmail.com
10292797,Nombre176,Apellido1-176,Apellido2-176,2CFMASP,626568685,661444257,607326520,Nombre176@gmail.com,Apellido2-176@yahoo.es,Apellido1-176@hotmail.com
11884442,Nombre177,Apellido1-177,Apellido2-177,1CFMA,654607228,657947082,,Nombre177@gmail.com,Apellido2-177@yahoo.es,Apellido1-177@hotmail.com
10258958,Nombre178,Apellido1-178,Apellido2-178,2CFSA,646005957,654523154,,Nombre178@gmail.com,Apellido2-178@yahoo.es,Apellido1-178@hotmail.com
10405713,Nombre179,Apellido1-179,Apellido2-179,2CFMI,639453185,669424560,696192285,Nombre179@gmail.com,Apellido2-179@yahoo.es,Apellido1-179@hotmail.com
10268220,Nombre180,Apellido1-180,Apellido2-180,2CFMISP,645241248,625615211,961525388,Nombre180@gmail.com,Apellido2-180@yahoo.es,Apellido1-180@hotmail.com
10243621,Nombre181,Apellido1-181,Apellido2-181,2CFMISP,674951596,661230003,,Nombre181@gmail.com,Apellido2-181@yahoo.es,Apellido1-181@hotmail.com
10233747,Nombre182,Apellido1-182,Apellido2-182,2CFSA,644135767,696006536,,Nombre182@gmail.com,Apellido2-182@yahoo.es,Apellido1-182@hotmail.com
10232969,Nombre183,Apellido1-183,Apellido2-183,2CFSA,653609292,625631304,,Nombre183@gmail.com,Apellido2-183@yahoo.es,Apellido1-183@hotmail.com
10338403,Nombre184,Apellido1-184,Apellido2-184,2CFSA,610774203,687498950,,Nombre184@gmail.com,Apellido2-184@yahoo.es,Apellido1-184@hotmail.com
10405722,Nombre185,Apellido1-185,Apellido2-185,1CFSA,611499662,646036621,,Nombre185@gmail.com,Apellido2-185@yahoo.es,Apellido1-185@hotmail.com
10268228,Nombre186,Apellido1-186,Apellido2-186,2CFSA,650337366,658790982,,Nombre186@gmail.com,Apellido2-186@yahoo.es,Apellido1-186@hotmail.com